id,car_make_id,title,deleted_at
1,1,ACE,
2,1,Aceca,
3,1,Cobra,
4,2,CL,
5,2,CSX,
6,2,EL,
7,2,ILX,
8,2,Integra,
9,2,MDX,
10,2,NSX,
11,2,RDX,
12,2,RL,
13,2,RLX,
14,2,RSX,
15,2,SLX,
16,2,TL,
17,2,TLX,
18,2,TSX,
19,2,ZDX,
20,3,Diplomat,
21,3,Trumpf Junior,
22,4,105/115,
23,4,145,
24,4,146,
25,4,147,
26,4,155,
27,4,156,
28,4,159,
29,4,164,
30,4,166,
31,4,33,
32,4,4C,
33,4,6,
34,4,75,
35,4,8C Competizione,
36,4,Brera,
37,4,Giulia,
38,4,Giulietta,
39,4,GT,
40,4,GTV,
41,4,MiTo,
42,4,Montreal,
43,4,S.Z./R.Z.,
44,4,Spider,
45,4,Stelvio,
46,5,B10,
47,5,B12,
48,5,B3,
49,5,B4,
50,5,B5,
51,5,B6,
52,5,B7,
53,5,B8,
54,5,D10,
55,5,D3,
56,5,D4,
57,5,D5,
58,5,Roadster,
59,5,Roadster S,
60,5,Roadster V8,
61,5,XD3,
62,5,XD4,
63,6,A110,
64,6,A310,
65,6,A610,
66,6,GTA,
67,7,Eagle,
68,7,Hornet,
69,8,21541 Stalker,
70,9,10,
71,9,24,
72,9,Spartana,
73,10,Rocsta,
74,10,Topic,
75,11,Cygnet,
76,11,DB AR1,
77,11,DB11,
78,11,DB7,
79,11,DB9,
80,11,DBS,
81,11,DBX,
82,11,Lagonda,
83,11,Rapide,
84,11,V8 Vantage,
85,11,V8 Zagato,
86,11,Vanquish,
87,11,Vantage,
88,11,Virage,
89,12,100,
90,12,200,
91,12,50,
92,12,80,
93,12,90,
94,12,920,
95,12,A1,
96,12,A2,
97,12,A3,
98,12,A4,
99,12,A4 allroad,
100,12,A5,
101,12,A5 Sportback,
102,12,A6,
103,12,A6 allroad,
104,12,A7,
105,12,A8,
106,12,Allroad,
107,12,Cabriolet,
108,12,Coupe,
109,12,e-tron,
110,12,NSU RO 80,
111,12,Q2,
112,12,Q3,
113,12,Q3 Sportback,
114,12,Q5,
115,12,Q7,
116,12,Q8,
117,12,Quattro,
118,12,R8,
119,12,R8 LMP,
120,12,RS 2,
121,12,RS 3,
122,12,RS 4,
123,12,RS 5,
124,12,RS 6,
125,12,RS 7,
126,12,RS Q3,
127,12,RS Q3 Sportback,
128,12,RS Q8,
129,12,S1,
130,12,S2,
131,12,S3,
132,12,S4,
133,12,S5,
134,12,S6,
135,12,S7,
136,12,S8,
137,12,SQ2,
138,12,SQ5,
139,12,SQ7,
140,12,SQ8,
141,12,TT,
142,12,TT RS,
143,12,TTS,
144,12,V8,
145,13,Senat,
146,14,FL2,
147,14,Metro,
148,14,Montego,
149,14,Sprite,
150,15,3000,
151,16,A 112,
152,17,2160,
153,17,2163,
154,17,3101,
155,18,Jeep Cherokee 2500,
156,18,Luba (XB624),
157,18,Beijing BJ80,
158,18,BJ2020,
159,18,BJ2026,
160,18,BJ212,
161,18,EU260,
162,18,Huansu H2,
163,18,Senova,
164,19,Qute,
165,20,BD-1322,
166,21,1989,
167,21,2018,
168,22,BJ 2020,
169,23,Arnage,
170,23,Azure,
171,23,Bentayga,
172,23,Brooklands,
173,23,Continental,
174,23,Continental Flying Spur,
175,23,Continental GT,
176,23,Eight,
177,23,Flying Spur,
178,23,Mark VI,
179,23,Mulsanne,
180,23,R Type,
181,23,S,
182,23,T-series,
183,23,Turbo R,
184,24,Freeclimber,
185,25,Vintage,
186,26,CD,
187,26,Type 3,
188,27,02 (E10),
189,27,1 Series,
190,27,1M,
191,27,2 Series,
192,27,2 Series Active Tourer,
193,27,2 Series Grand Tourer,
194,27,3 Series,
195,27,321,
196,27,326,
197,27,327,
198,27,340,
199,27,4 Series,
200,27,5 Series,
201,27,6 Series,
202,27,7 Series,
203,27,8 Series,
204,27,i3,
205,27,i8,
206,27,M1,
207,27,M2,
208,27,M3,
209,27,M4,
210,27,M5,
211,27,M6,
212,27,M8,
213,27,X1,
214,27,X2,
215,27,X3,
216,27,X3 M,
217,27,X4,
218,27,X4 M,
219,27,X5,
220,27,X5 M,
221,27,X6,
222,27,X6 M,
223,27,X7,
224,27,Z1,
225,27,Z3,
226,27,Z3 M,
227,27,Z4,
228,27,Z4 M,
229,27,Z8,
230,28,BX5,
231,28,BX7,
232,28,Hansa 1100,
233,29,ML 63 Biturbo,
234,30,BS2,
235,30,BS4,
236,30,BS6,
237,30,FRV (BS2),
238,30,H230,
239,30,H530,
240,30,M1 (BS6),
241,30,M2 (BS4),
242,30,M3 (BC3),
243,30,V3,
244,30,V5,
245,31,Blenheim,
246,31,Blenheim Speedster,
247,31,Fighter,
248,31,Speedster,
249,32,Geneva,
250,32,La Joya,
251,33,Chiron,
252,33,EB 110,
253,33,EB 112,
254,33,EB Veyron 16.4,
255,33,Type 55,
256,33,Veyron,
257,34,Cascada,
258,34,Century,
259,34,Electra,
260,34,Enclave,
261,34,Encore,
262,34,Envision,
263,34,Estate Wagon,
264,34,Excelle,
265,34,GL8,
266,34,GS,
267,34,LaCrosse,
268,34,LE Sabre,
269,34,LeSabre,
270,34,Limited,
271,34,Lucerne,
272,34,Park Avenue,
273,34,Rainer,
274,34,Rainier,
275,34,Reatta,
276,34,Regal,
277,34,Rendezvous,
278,34,Riviera,
279,34,Roadmaster,
280,34,Skyhawk,
281,34,Skylark,
282,34,Special,
283,34,Super,
284,34,Terraza,
285,34,Verano,
286,34,Wildcat,
287,35,F0,
288,35,F3,
289,35,F3-R,
290,35,F5,
291,35,F6,
292,35,F8,
293,35,F8 (S8),
294,35,Flyer,
295,35,G3,
296,35,G6,
297,35,L3,
298,36,Allante,
299,36,ATS,
300,36,ATS-V,
301,36,BLS,
302,36,Brougham,
303,36,Catera,
304,36,CT4,
305,36,CT4-V,
306,36,CT5,
307,36,CT5-V,
308,36,CT6,
309,36,CTS,
310,36,CTS-V,
311,36,De Ville,
312,36,DeVille,
313,36,DTS,
314,36,Eldorado,
315,36,ELR,
316,36,Escalade,
317,36,Fleetwood,
318,36,LSE,
319,36,Series 62,
320,36,Seville,
321,36,Sixty Special,
322,36,SRX,
323,36,STS,
324,36,XLR,
325,36,XT4,
326,36,XT5,
327,36,XT6,
328,36,XTS,
329,37,C12,
330,38,FX4,
331,38,FX4S,
332,39,21,
333,39,CSR,
334,39,Seven,
335,40,Benni,
336,41,Alsvin V7,
337,41,BenBen Mini,
338,41,CM-8,
339,41,CS35,
340,41,CS35PLUS,
341,41,CS55,
342,41,CS75,
343,41,CX20,
344,41,Eado,
345,41,Raeton,
346,41,Z-Shine,
347,42,Flying,
348,42,SUV (CS6),
349,43,Ideal,
350,44,Amulet,
351,44,Arrizo 3,
352,44,Arrizo 7,
353,44,B13,
354,44,Bonus,
355,44,CrossEastar,
356,44,E5,
357,44,Eastar,
358,44,Fora,
359,44,IndiS,
360,44,Karry,
361,44,Kimo,
362,44,M11,
363,44,Oriental Son,
364,44,QQ,
365,44,QQ6,
366,44,QQme,
367,44,Sweet (QQ),
368,44,Tiggo,
369,44,Tiggo 2,
370,44,Tiggo 3,
371,44,Tiggo 4,
372,44,Tiggo 5,
373,44,Tiggo 7,
374,44,Tiggo 7 Pro,
375,44,Tiggo 8,
376,44,Very,
377,44,Windcloud,
378,45,TXL,
379,46,Agile,
380,46,Alero,
381,46,Apache,
382,46,Astra,
383,46,Astro,
384,46,Avalanche,
385,46,Aveo,
386,46,Beat,
387,46,Beretta,
388,46,Blazer,
389,46,C/K,
390,46,Camaro,
391,46,Caprice,
392,46,Captiva,
393,46,Cavalier,
394,46,Celebrity,
395,46,Celta,
396,46,Chevelle,
397,46,Chevette,
398,46,Citation,
399,46,Cobalt,
400,46,Colorado,
401,46,Corsa,
402,46,Corsica,
403,46,Corvair,
404,46,Corvette,
405,46,Cruze,
406,46,CSV CR8,
407,46,D20,
408,46,Deluxe,
409,46,El Camino,
410,46,Enjoy,
411,46,Epica,
412,46,Equinox,
413,46,Evanda,
414,46,Express,
415,46,Forester,
416,46,Grand Vitara,
417,46,HHR,
418,46,Impala,
419,46,Ipanema,
420,46,Jimny,
421,46,Kadett,
422,46,Kalos,
423,46,Kommando,
424,46,Lacetti,
425,46,Lanos,
426,46,Lova,
427,46,Lumina,
428,46,Lumina APV,
429,46,LUV D-MAX,
430,46,Malibu,
431,46,Master,
432,46,Matiz,
433,46,Meriva,
434,46,Montana,
435,46,Monte Carlo,
436,46,Monza,
437,46,MW,
438,46,N200,
439,46,N300,
440,46,Nexia,
441,46,Niva,
442,46,Nova,
443,46,Nubira,
444,46,Omega,
445,46,Onix,
446,46,Optra,
447,46,Orlando,
448,46,Prisma,
449,46,Prizm,
450,46,Rezzo,
451,46,S-10,
452,46,Sail,
453,46,Silverado,
454,46,Sonic,
455,46,Sonora,
456,46,Spark,
457,46,Spin,
458,46,SS,
459,46,SSR,
460,46,Starcraft,
461,46,Suburban,
462,46,Tacuma,
463,46,Tahoe,
464,46,Tavera,
465,46,Tornado,
466,46,Tracker,
467,46,TrailBlazer,
468,46,Trans Sport,
469,46,Traverse,
470,46,Uplander,
471,46,Utility,
472,46,Van,
473,46,Vectra,
474,46,Vega,
475,46,Venture,
476,46,Vitara,
477,46,Viva,
478,46,Vivant,
479,46,Volt,
480,46,Zafira,
481,47,300 Letter Series,
482,47,300C,
483,47,300M,
484,47,Aspen,
485,47,Cirrus,
486,47,Concorde,
487,47,Cordoba,
488,47,Crossfire,
489,47,Daytona,
490,47,ES,
491,47,Fifth Avenue,
492,47,Imperial,
493,47,Intrepid,
494,47,LeBaron,
495,47,LHS,
496,47,Neon,
497,47,New Yorker,
498,47,Newport,
499,47,Pacifica,
500,47,Prowler,
501,47,PT Cruiser,
502,47,Sebring,
503,47,TC by Maserati,
504,47,Town & Country,
505,47,Town and Country,
506,47,Vision,
507,47,Voyager,
508,48,2 CV,
509,48,AX,
510,48,Berlingo,
511,48,BX,
512,48,C-Crosser,
513,48,C-Elysee,
514,48,C-Triomphe,
515,48,C1,
516,48,C2,
517,48,C3,
518,48,C3 AirCross,
519,48,C3 Picasso,
520,48,C4,
521,48,C4 AirCross,
522,48,C4 Cactus,
523,48,C4 Picasso,
524,48,C4 Spacetourer,
525,48,C5,
526,48,C5 AirCross,
527,48,C6,
528,48,C8,
529,48,CX,
530,48,DS,
531,48,DS3,
532,48,DS4,
533,48,DS5,
534,48,Evasion,
535,48,Jumpy,
536,48,Nemo,
537,48,Saxo,
538,48,SpaceTourer,
539,48,Visa,
540,48,Xantia,
541,48,XM,
542,48,Xsara,
543,48,Xsara Picasso,
544,48,ZX,
545,49,V16T,
546,50,T Rex,
547,50,T-Rex,
548,51,T98,
549,52,L-29,
550,53,1310,
551,53,1325,
552,53,1325 Liberta,
553,53,Dokker,
554,53,Duster,
555,53,Logan,
556,53,Pick-Up,
557,53,Sandero,
558,53,Solenza,
559,53,SuperNova,
560,54,City Leading,
561,54,Shuttle,
562,54,Smoothing,
563,55,Alpheon,
564,55,Arcadia,
565,55,Chairman,
566,55,Damas,
567,55,Espero,
568,55,G2X,
569,55,Gentra,
570,55,Korando,
571,55,Lacetti Premiere,
572,55,Leganza,
573,55,LeMans,
574,55,Magnus,
575,55,Matiz Creative,
576,55,Musso,
577,55,Prince,
578,55,Racer,
579,55,Royale,
580,55,Sens,
581,55,Tico,
582,55,Tosca,
583,55,Winstorm,
584,56,Altis,
585,56,Applause,
586,56,Atrai,
587,56,Be-go,
588,56,Bee,
589,56,Boon,
590,56,Boon Luminas,
591,56,Cast,
592,56,Ceria,
593,56,Charade,
594,56,Charmant,
595,56,Coo,
596,56,Copen,
597,56,Cuore,
598,56,Delta Wagon,
599,56,Esse,
600,56,Extol,
601,56,Fellow,
602,56,Feroza,
603,56,Gran Move,
604,56,Hijet,
605,56,Leeza,
606,56,Materia,
607,56,MAX,
608,56,Mebius,
609,56,Midget,
610,56,Mira,
611,56,Mira e:S,
612,56,Mira Gino,
613,56,Move,
614,56,Move Canbus,
615,56,Move Conte,
616,56,Naked,
617,56,Opti,
618,56,Rocky,
619,56,Rugger,
620,56,Sirion,
621,56,Sonica,
622,56,Storia,
623,56,Tanto,
624,56,Terios,
625,56,Thor,
626,56,Trevis,
627,56,Wake,
628,56,Xenia,
629,56,YRV,
630,57,SP250,
631,57,Super Eight,
632,58,Stradale,
633,59,Fun,
634,60,240Z,
635,60,GO+,
636,60,Laurel,
637,60,mi-Do,
638,60,on-DO,
639,60,Stanza,
640,60,Urvan,
641,61,Bigua,
642,61,Guara,
643,61,Longchamp,
644,61,Mangusta,
645,62,Zephyr,
646,63,D6,
647,64,DMC-12,
648,65,Antelope,
649,65,Aurora,
650,65,Cowboy,
651,65,Land Crown,
652,65,Plutus,
653,65,Saladin,
654,66,Custom,
655,66,Firedome,
656,66,Fireflite,
657,67,V21,
658,68,3=6,
659,69,600,
660,69,Aries,
661,69,Attitude,
662,69,Avenger,
663,69,Caliber,
664,69,Caravan,
665,69,Challenger,
666,69,Charger,
667,69,Charger Daytona,
668,69,Colt,
669,69,Custom Royal,
670,69,D/W Series,
671,69,D8,
672,69,Dakota,
673,69,Dart,
674,69,Durango,
675,69,Dynasty,
676,69,Journey,
677,69,Lancer,
678,69,Magnum,
679,69,Mayfair,
680,69,Monaco,
681,69,Nitro,
682,69,Omni,
683,69,Polara,
684,69,Raider,
685,69,Ram,
686,69,Ramcharger,
687,69,Shadow,
688,69,Spirit,
689,69,Stealth,
690,69,Stratus,
691,69,Viper,
692,69,WC series,
693,70,370,
694,70,580,
695,70,A30,
696,70,A9,
697,70,AX7,
698,70,H30,
699,70,H30 Cross,
700,70,Oting,
701,70,Rich,
702,70,S30,
703,71,Orion,
704,72,D8 Cosworth,
705,72,D8 GT,
706,72,D8 GTO,
707,72,D8 Zetec,
708,73,3,
709,73,4,
710,73,7,
711,73,7 Crossback,
712,74,H3,
713,74,H5,
714,75,Premier,
715,75,Summit,
716,75,Talon,
717,75,Vista,
718,76,Series IV,
719,76,Series V,
720,77,6371,
721,77,Audi 100,
722,77,Audi A6,
723,77,Bestune T99,
724,77,Besturn B30,
725,77,Besturn B50,
726,77,Besturn B70,
727,77,Besturn X40,
728,77,Besturn X80,
729,77,D60,
730,77,Jinn,
731,77,Oley,
732,77,S80,
733,77,V2,
734,77,Vita,
735,77,Volkswagen Bora,
736,77,Volkswagen City Golf,
737,77,Volkswagen Jetta,
738,78,250 GTO,
739,78,288 GTO,
740,78,308,
741,78,348,
742,78,360,
743,78,400,
744,78,412,
745,78,456,
746,78,458,
747,78,488,
748,78,512 BB,
749,78,512 M,
750,78,512 TR,
751,78,550,
752,78,575,
753,78,575M,
754,78,599,
755,78,612,
756,78,612 Scaglietti,
757,78,812,
758,78,812 Superfast,
759,78,California,
760,78,Dino 206 GT,
761,78,Dino 208/308 GT4,
762,78,Dino 246 GT,
763,78,Enzo,
764,78,F12berlinetta,
765,78,F355,
766,78,F40,
767,78,F430,
768,78,F50,
769,78,F8 Tributo,
770,78,FF,
771,78,FXX K,
772,78,GTC4Lusso,
773,78,LaFerrari,
774,78,Mondial,
775,78,Monza SP,
776,78,Portofino,
777,78,Roma,
778,78,SF90 Stradale,
779,78,Testarossa,
780,79,124 Spider,
781,79,124 Sport Spider,
782,79,125,
783,79,126,
784,79,500,
785,79,500L,
786,79,500X,
787,79,508,
788,79,900T,
789,79,Albea,
790,79,Argenta,
791,79,Barchetta,
792,79,Brava,
793,79,Bravo,
794,79,Cinquecento,
795,79,Croma,
796,79,Doblo,
797,79,Fiorino,
798,79,Freemont,
799,79,Fullback,
800,79,Grande Punto,
801,79,Idea,
802,79,Linea,
803,79,Marea,
804,79,Multipla,
805,79,Palio,
806,79,Panda,
807,79,Punto,
808,79,Qubo,
809,79,Regata,
810,79,Ritmo,
811,79,Scudo,
812,79,Sedici,
813,79,Seicento,
814,79,Siena,
815,79,Stilo,
816,79,Strada,
817,79,Tempra,
818,79,Tipo,
819,79,Ulysse,
820,79,Uno,
821,79,X 1/9,
822,80,Karma,
823,81,F,
824,82,Aerostar,
825,82,Aspire,
826,82,Bronco,
827,82,Bronco Sport,
828,82,Bronco-II,
829,82,C-Max,
830,82,Contour,
831,82,Cortina,
832,82,Cougar,
833,82,Crown Victoria,
834,82,E-series,
835,82,Econoline,
836,82,EcoSport,
837,82,Edge,
838,82,Escape,
839,82,Escort,
840,82,Escort (North America),
841,82,Everest,
842,82,Excursion,
843,82,Expedition,
844,82,Explorer,
845,82,Explorer Sport Trac,
846,82,F-150,
847,82,F-Series,
848,82,Fairlane,
849,82,Fairmont,
850,82,Falcon,
851,82,Festiva,
852,82,Fiesta,
853,82,Fiesta ST,
854,82,Five Hundred,
855,82,Flex,
856,82,Focus,
857,82,Focus (North America),
858,82,Focus ST,
859,82,Freda,
860,82,Freestyle,
861,82,Fusion,
862,82,Fusion (North America),
863,82,Galaxie,
864,82,Galaxy,
865,82,Granada (North America),
866,82,GT40,
867,82,Ikon,
868,82,Ixion,
869,82,Ka,
870,82,Kuga,
871,82,M151,
872,82,Mainline,
873,82,Maverick,
874,82,Model T,
875,82,Mondeo,
876,82,Mustang,
877,82,Probe,
878,82,Puma,
879,82,Ranger,
880,82,Ranger (North America),
881,82,S-Max,
882,82,Scorpio,
883,82,Shelby,
884,82,Sierra,
885,82,Street KA,
886,82,Taunus,
887,82,Taurus,
888,82,Taurus X,
889,82,Telstar,
890,82,Tempo,
891,82,Territory,
892,82,Thunderbird,
893,82,Torino,
894,82,Tourneo,
895,82,Tourneo Connect,
896,82,Tourneo Courier,
897,82,Tourneo Custom,
898,82,Transit Connect,
899,82,Windstar,
900,83,Gratour,
901,83,Sauvana,
902,83,Tunland,
903,84,125p,
904,84,Polonez,
905,85,6500 (Land King),
906,85,6500 Land King,
907,86,GN8,
908,86,Trumpchi GS8,
909,87,12 ZIM,
910,87,13 Chaika,
911,87,14 Chaika,
912,87,18,
913,87,21 Volga,
914,87,22 Volga,
915,87,2308 Ataman,
916,87,2330 Tigr,
917,87,24 Volga,
918,87,3102 Volga,
919,87,310221 Volga,
920,87,31029 Volga,
921,87,3103 Volga,
922,87,3105 Volga,
923,87,3110 Volga,
924,87,31105 Volga,
925,87,3111,
926,87,3111 Volga,
927,87,46,
928,87,61,
929,87,64,
930,87,67,
931,87,69,
932,87,A,
933,87,M-20 Pobeda,
934,87,M-72,
935,87,Siber,
936,87,Sobol,
937,87,Volga Siber,
938,88,Atlas,
939,88,Beauty Leopard,
940,88,CK (Otaka),
941,88,Coolray,
942,88,Emgrand 7,
943,88,Emgrand EC7,
944,88,Emgrand GT,
945,88,Emgrand X7,
946,88,FC (Vision),
947,88,GC6,
948,88,GC9,
949,88,GX7,
950,88,Haoqing,
951,88,LC (Panda),
952,88,LC (Panda) Cross,
953,88,MK,
954,88,MR,
955,88,Otaka,
956,88,SC7,
957,88,Tugella,
958,88,TX4,
959,89,G70,
960,89,G80,
961,89,G90,
962,89,GV70,
963,89,GV80,
964,90,Spectrum,
965,90,Storm,
966,91,Acadia,
967,91,Canyon,
968,91,Envoy,
969,91,Jimmy,
970,91,Safari,
971,91,Savana,
972,91,Sonoma,
973,91,Syclone,
974,91,Terrain,
975,91,Typhoon,
976,91,Vandura,
977,91,Yukon,
978,92,Troy,
979,93,Madison,
980,94,CoolBear,
981,94,Cowry,
982,94,Cowry (V80),
983,94,Deer,
984,94,Florid,
985,94,Hover,
986,94,Hover H3,
987,94,Hover H5,
988,94,Hover H6,
989,94,Hover M1 (Peri 4x4),
990,94,Hover M2,
991,94,Hover M4,
992,94,Hover Pi,
993,94,Pegasus,
994,94,Peri,
995,94,Safe,
996,94,Sailor,
997,94,Sing RUV,
998,94,Socool,
999,94,Voleex C10 (Phenom),
1000,94,Voleex C30,
1001,94,Wingle,
1002,94,Wingle 3,
1003,94,Wingle 5,
1004,94,Wingle 7,
1005,95,Brio,
1006,95,Princip,
1007,95,Saibao,
1008,95,Sigma,
1009,95,Simbo,
1010,96,2,
1011,96,Family,
1012,96,Family F7,
1013,96,Freema,
1014,97,Rekord,
1015,97,Typ 13,
1016,98,F7,
1017,98,F7x,
1018,98,H2,
1019,98,H6,
1020,98,H6 Coupe,
1021,98,H8,
1022,98,H9,
1023,99,B21,
1024,99,Boliger,
1025,99,Laville,
1026,100,Typ 154,
1027,101,Ambassador,
1028,101,Contessa,
1029,101,Pajero,
1030,102,K6,
1031,103,Apollo,
1032,103,Barina,
1033,103,Calais,
1034,103,Commodore,
1035,103,Frontera,
1036,103,Jackaroo,
1037,103,Monaro,
1038,103,Rodeo,
1039,103,Statesman,
1040,103,UTE,
1041,104,Accord,
1042,104,Acty,
1043,104,Airwave,
1044,104,Ascot,
1045,104,Ascot Innova,
1046,104,Avancier,
1047,104,Ballade,
1048,104,Capa,
1049,104,City,
1050,104,Civic,
1051,104,Concerto,
1052,104,CR-V,
1053,104,CR-X,
1054,104,CR-Z,
1055,104,Crossroad,
1056,104,Crosstour,
1057,104,Domani,
1058,104,Edix,
1059,104,Element,
1060,104,Elysion,
1061,104,Fit,
1062,104,Fit Aria,
1063,104,Fit Shuttle,
1064,104,FR-V,
1065,104,Freed,
1066,104,Grace,
1067,104,Horizon,
1068,104,HR-V,
1069,104,Insight,
1070,104,Inspire,
1071,104,Integra SJ,
1072,104,Jade,
1073,104,Jazz,
1074,104,Lagreat,
1075,104,Legend,
1076,104,Life,
1077,104,Logo,
1078,104,Mobilio,
1079,104,Mobilio Spike,
1080,104,N Box,
1081,104,N-BOX Slash,
1082,104,N-One,
1083,104,N-Series,
1084,104,N-WGN,
1085,104,N360,
1086,104,Odyssey,
1087,104,Odyssey (North America),
1088,104,Orthia,
1089,104,Partner,
1090,104,Passport,
1091,104,Pilot,
1092,104,Prelude,
1093,104,Rafaga,
1094,104,Ridgeline,
1095,104,S-MX,
1096,104,S2000,
1097,104,S500,
1098,104,S600,
1099,104,S660,
1100,104,Saber,
1101,104,Stepwgn,
1102,104,Stream,
1103,104,Street,
1104,104,That's,
1105,104,Today,
1106,104,Torneo,
1107,104,Vamos,
1108,104,Vezel,
1109,104,Vigor,
1110,104,Z,
1111,104,Zest,
1112,105,830,
1113,105,853,
1114,106,Landscape,
1115,107,Super Six,
1116,108,H1,
1117,109,Accent,
1118,109,Amica,
1119,109,Atos,
1120,109,Avante,
1121,109,Azera,
1122,109,Centennial,
1123,109,Click,
1124,109,Creta,
1125,109,Elantra,
1126,109,Entourage,
1127,109,Eon,
1128,109,Equus,
1129,109,Excel,
1130,109,Galloper,
1131,109,Genesis,
1132,109,Genesis Coupe,
1133,109,Getz,
1134,109,Grand Starex,
1135,109,Grandeur,
1136,109,H-1,
1137,109,H-100,
1138,109,H200,
1139,109,HB20,
1140,109,i10,
1141,109,i20,
1142,109,i30,
1143,109,i40,
1144,109,i45,
1145,109,Ioniq,
1146,109,ix20,
1147,109,ix35,
1148,109,ix55,
1149,109,Kona,
1150,109,Lantra,
1151,109,Lavita,
1152,109,Marcia,
1153,109,Matrix,
1154,109,Pony,
1155,109,Presto,
1156,109,Rohens,
1157,109,S-Coupe,
1158,109,Santa Fe,
1159,109,Santamo,
1160,109,Solaris,
1161,109,Sonata,
1162,109,Starex,
1163,109,Stellar,
1164,109,TB,
1165,109,Terracan,
1166,109,Tiburon,
1167,109,Trajet,
1168,109,Tucson,
1169,109,Tuscani,
1170,109,Veloster,
1171,109,Veracruz,
1172,109,Verna,
1173,109,XG,
1174,110,EX,
1175,110,EX-Series,
1176,110,FX,
1177,110,FX-Series,
1178,110,G-Series,
1179,110,I,
1180,110,I-Series,
1181,110,J,
1182,110,J30,
1183,110,JX,
1184,110,JX-Series,
1185,110,M,
1186,110,M-Series,
1187,110,Q,
1188,110,Q30,
1189,110,Q45,
1190,110,Q50,
1191,110,Q60,
1192,110,Q70,
1193,110,QX30,
1194,110,QX4,
1195,110,QX50,
1196,110,QX56,
1197,110,QX60,
1198,110,QX70,
1199,110,QX80,
1200,111,Elba,
1201,111,Mille,
1202,111,Small,
1203,112,Dena,
1204,112,Runna,
1205,112,Sahra,
1206,112,Samand,
1207,112,Sarir,
1208,112,Soren,
1209,113,Commendatore 112i,
1210,113,Imperator,
1211,113,Imperator 108i,
1212,113,Spyder,
1213,114,117,
1214,114,Amigo,
1215,114,Ascender,
1216,114,Aska,
1217,114,Axiom,
1218,114,Bellett,
1219,114,Bighorn,
1220,114,D-Max,
1221,114,Fargo,
1222,114,Fargo Filly,
1223,114,Florian,
1224,114,Gemini,
1225,114,Hombre,
1226,114,Impulse,
1227,114,KB,
1228,114,MU,
1229,114,MU-7,
1230,114,MU-X,
1231,114,Piazza,
1232,114,Stylus,
1233,114,TF (Pickup),
1234,114,Trooper,
1235,114,VehiCross,
1236,114,Wizard,
1237,115,Massif,
1238,116,2125,
1239,116,2126,
1240,116,21261,
1241,116,2715,
1242,116,2717,
1243,116,Moskvich-412,
1244,117,J2,
1245,117,J2 (Yueyue),
1246,117,"J3 (Tongyue,Tojoy)",
1247,117,J4 (Heyue A30),
1248,117,J5,
1249,117,J5 (Heyue),
1250,117,J6 (Heyue RS),
1251,117,J7 (Binyue),
1252,117,M1 (Refine),
1253,117,Refine,
1254,117,Rein,
1255,117,S1 (Rein),
1256,117,S5 (Eagle),
1257,117,T6,
1258,118,E-Pace,
1259,118,E-Type,
1260,118,F-Pace,
1261,118,F-Type,
1262,118,I-Pace,
1263,118,Mark 2,
1264,118,Mark IX,
1265,118,S-Type,
1266,118,X-Type,
1267,118,XE,
1268,118,XF,
1269,118,XFR,
1270,118,XJ,
1271,118,XJ220,
1272,118,XJR,
1273,118,XJS,
1274,118,XK,
1275,118,XKR,
1276,119,Cherokee,
1277,119,CJ,
1278,119,Commander,
1279,119,Compass,
1280,119,Gladiator,
1281,119,Grand Cherokee,
1282,119,Grand Wagoneer,
1283,119,Liberty,
1284,119,Liberty (North America),
1285,119,Liberty (Patriot),
1286,119,Patriot,
1287,119,Renegade,
1288,119,Wrangler,
1289,120,Interceptor,
1290,120,S-V8,
1291,121,Alto,
1292,121,Chuanqi,
1293,121,City Spirit,
1294,122,Haise,
1295,123,Baodian,
1296,124,2317,
1297,125,Amanti,
1298,125,Avella,
1299,125,Borrego,
1300,125,Brisa,
1301,125,Cadenza,
1302,125,Capital,
1303,125,Carens,
1304,125,Carnival,
1305,125,Carstar,
1306,125,Cee'd,
1307,125,Ceed,
1308,125,Ceed GT,
1309,125,Cerato,
1310,125,Clarus,
1311,125,Concord,
1312,125,Credos,
1313,125,Elan,
1314,125,Enterprise,
1315,125,Forte,
1316,125,Joice,
1317,125,K3,
1318,125,K5,
1319,125,K7,
1320,125,K9,
1321,125,K900,
1322,125,Lotze,
1323,125,Magentis,
1324,125,Mentor,
1325,125,Mohave,
1326,125,Morning,
1327,125,Niro,
1328,125,Opirus,
1329,125,Optima,
1330,125,Parktown,
1331,125,Picanto,
1332,125,Potentia,
1333,125,Pregio,
1334,125,Pride,
1335,125,Quanlima,
1336,125,Quoris,
1337,125,Ray,
1338,125,Retona,
1339,125,Rio,
1340,125,Rondo,
1341,125,Sedona,
1342,125,Seltos,
1343,125,Sephia,
1344,125,Shuma,
1345,125,Sorento,
1346,125,Sorento Prime,
1347,125,Soul,
1348,125,Spectra,
1349,125,Sportage,
1350,125,Stinger,
1351,125,Stonic,
1352,125,Telluride,
1353,125,Towner,
1354,125,Venga,
1355,125,Visto,
1356,125,X-Trek,
1357,125,XCeed,
1358,126,CC8S,
1359,126,CCR,
1360,127,X-Bow,
1361,128,350/400 GT,
1362,128,Aventador,
1363,128,Centenario,
1364,128,Diablo,
1365,128,Egoista,
1366,128,Gallardo,
1367,128,Huracan,
1368,128,Islero,
1369,128,Miura,
1370,128,Murcielago,
1371,128,Reventon,
1372,128,Silhouette,
1373,128,Urus,
1374,128,Veneno,
1375,129,A112,
1376,129,Appia,
1377,129,Aurelia,
1378,129,Beta,
1379,129,Dedra,
1380,129,Delta,
1381,129,Flaminia,
1382,129,Gamma,
1383,129,Hyena,
1384,129,Kappa,
1385,129,Lambda,
1386,129,Lybra,
1387,129,Musa,
1388,129,Phedra,
1389,129,Rally 037,
1390,129,Stratos,
1391,129,Thema,
1392,129,Thesis,
1393,129,Y,
1394,129,Y10,
1395,129,Ypsilon,
1396,129,Zeta,
1397,130,Defender,
1398,130,Discovery,
1399,130,Discovery Sport,
1400,130,Freelander,
1401,130,Range Rover,
1402,130,Range Rover Evoque,
1403,130,Range Rover Sport,
1404,130,Range Rover Velar,
1405,130,Series I,
1406,130,Series II,
1407,130,Series III,
1408,131,CT,
1409,131,GS F,
1410,131,GX,
1411,131,GX460,
1412,131,HS,
1413,131,IS,
1414,131,IS F,
1415,131,LC,
1416,131,LFA,
1417,131,LM,
1418,131,LS,
1419,131,LX,
1420,131,NX,
1421,131,RC,
1422,131,RC F,
1423,131,RX,
1424,131,SC,
1425,131,UX,
1426,132,Breez,
1427,132,Breez (520),
1428,132,Cebrium,
1429,132,Cebrium (720),
1430,132,Celliya,
1431,132,Celliya (530),
1432,132,Murman,
1433,132,Murman (820),
1434,132,MyWay,
1435,132,Smily,
1436,132,Solano,
1437,132,X50,
1438,132,X60,
1439,132,X70,
1440,133,JS 51,
1441,134,Aviator,
1442,134,Blackwood,
1443,134,Capri,
1444,134,Continental Mark Series,
1445,134,Corsair,
1446,134,Mark III,
1447,134,Mark IV,
1448,134,Mark LT,
1449,134,MKC,
1450,134,MKX,
1451,134,MKZ,
1452,134,Nautilus,
1453,134,Navigator,
1454,134,Premiere,
1455,134,Town Car,
1456,135,Elise,
1457,135,Elite,
1458,135,Esprit,
1459,135,Europa,
1460,135,Evora,
1461,135,Exige,
1462,136,TX,
1463,137,1302,
1464,137,1302 Volyn,
1465,137,967,
1466,137,969,
1467,138,5,
1468,138,Luxgen5,
1469,138,Luxgen7 SUV,
1470,138,U6 Turbo,
1471,139,Armada,
1472,139,Bolero,
1473,139,Kuv100,
1474,139,Marshal,
1475,139,MM,
1476,139,MM 540/550,
1477,139,XUV500,
1478,140,GTS,
1479,140,TS,
1480,141,5Exi,
1481,142,B1,
1482,142,B2,
1483,143,1000,
1484,143,800,
1485,143,Baleno,
1486,143,Esteem,
1487,143,Gypsy,
1488,143,Versa,
1489,143,Wagon R,
1490,143,Zen,
1491,144,228,
1492,144,3200 GT,
1493,144,Ghibli,
1494,144,GranCabrio,
1495,144,GranSport,
1496,144,GranTurismo,
1497,144,Levante,
1498,144,Quattroporte,
1499,144,Shamal,
1500,145,57,
1501,145,62,
1502,145,Exelero,
1503,146,121,
1504,146,1300,
1505,146,3 MPS,
1506,146,323,
1507,146,6 MPS,
1508,146,616,
1509,146,626,
1510,146,818,
1511,146,929,
1512,146,Atenza,
1513,146,Autozam AZ-3,
1514,146,Axela,
1515,146,AZ-1,
1516,146,AZ-Offroad,
1517,146,AZ-Wagon,
1518,146,B-Series,
1519,146,Biante,
1520,146,Bongo,
1521,146,Bongo Friendee,
1522,146,BT-50,
1523,146,Capella,
1524,146,Carol,
1525,146,Cronos,
1526,146,CX-3,
1527,146,CX-30,
1528,146,CX-5,
1529,146,CX-7,
1530,146,CX-9,
1531,146,Demio,
1532,146,Efini MS-8,
1533,146,Etude,
1534,146,Eunos 500,
1535,146,Eunos Cosmo,
1536,146,Familia,
1537,146,Flair,
1538,146,Flair Crossover,
1539,146,Flair Wagon,
1540,146,Lantis,
1541,146,Laputa,
1542,146,Luce,
1543,146,Millenia,
1544,146,MPV,
1545,146,MX-3,
1546,146,MX-5,
1547,146,MX-6,
1548,146,Navajo,
1549,146,Premacy,
1550,146,Protege,
1551,146,R360,
1552,146,RX-7,
1553,146,RX-8,
1554,146,Scrum,
1555,146,Spiano,
1556,146,Tribute,
1557,146,Verisa,
1558,146,Xedos 6,
1559,146,Xedos 9,
1560,147,570S,
1561,147,600LT,
1562,147,650S,
1563,147,720S,
1564,147,F1,
1565,147,P1,
1566,147,Senna,
1567,148,Club,
1568,148,Track,
1569,149,190 (W201),
1570,149,190 SL,
1571,149,A-Class,
1572,149,A-Class AMG,
1573,149,AMG GLE,
1574,149,AMG GLE Coupe,
1575,149,AMG GT,
1576,149,B-Class,
1577,149,C-Class,
1578,149,C-Class AMG,
1579,149,Citan,
1580,149,CL-Class,
1581,149,CLA-Class,
1582,149,CLC-Class,
1583,149,CLK-Class,
1584,149,CLS-Class,
1585,149,CLS-klasse AMG,
1586,149,E-Class,
1587,149,EQC,
1588,149,G-Class,
1589,149,G-klasse AMG,
1590,149,GL-Class,
1591,149,GL-klasse AMG,
1592,149,GLA-Class,
1593,149,GLB-Class,
1594,149,GLC,
1595,149,GLC Coupe,
1596,149,GLC-Class,
1597,149,GLE,
1598,149,GLE Coupe,
1599,149,GLE Coupe AMG,
1600,149,GLE-Class,
1601,149,GLK-Class,
1602,149,GLS-Class,
1603,149,M-Class,
1604,149,Maybach G 650 Landaulet,
1605,149,Maybach GLS,
1606,149,Maybach S-klasse,
1607,149,R-Class,
1608,149,S-Class,
1609,149,S-klasse AMG,
1610,149,Simplex,
1611,149,SL-Class,
1612,149,SL-klasse AMG,
1613,149,SLC-Class,
1614,149,SLK-Class,
1615,149,SLR-Class,
1616,149,SLS AMG,
1617,149,V-Class,
1618,149,Vaneo,
1619,149,Viano,
1620,149,Vito,
1621,149,W105,
1622,149,W123,
1623,149,W124,
1624,149,W142,
1625,149,W186,
1626,149,W188,
1627,149,W189,
1628,149,W191,
1629,149,W29,
1630,149,X-Class,
1631,150,Colony Park,
1632,150,Grand Marquis,
1633,150,Marauder,
1634,150,Mariner,
1635,150,Marquis,
1636,150,Milan,
1637,150,Monterey,
1638,150,Mountaineer,
1639,150,Mystique,
1640,150,Sable,
1641,150,Topaz,
1642,150,Tracer,
1643,150,Villager,
1644,151,Metrocab I,
1645,151,Taxi,
1646,152,750,
1647,152,MGA,
1648,152,MGB,
1649,152,RV8,
1650,152,TD Midget,
1651,152,TF,
1652,152,Xpower SV,
1653,152,ZR,
1654,152,ZS,
1655,152,ZT,
1656,153,TF 1800,
1657,154,Cabrio,
1658,154,Clubman,
1659,154,Cooper,
1660,154,Cooper S,
1661,154,Countryman,
1662,154,Hatch,
1663,154,One,
1664,154,Paceman,
1665,155,3000 GT,
1666,155,Airtrek,
1667,155,ASX,
1668,155,Carisma,
1669,155,Chariot,
1670,155,Debonair,
1671,155,Delica,
1672,155,Delica D:2,
1673,155,Delica D:3,
1674,155,Delica D:5,
1675,155,Diamante,
1676,155,Dignity,
1677,155,Dingo,
1678,155,Dion,
1679,155,Eclipse,
1680,155,Eclipse Cross,
1681,155,eK,
1682,155,eK Active,
1683,155,eK Classic,
1684,155,eK Custom,
1685,155,eK Space,
1686,155,eK Sport,
1687,155,EK Wagon,
1688,155,Endeavor,
1689,155,Eterna,
1690,155,Freeca,
1691,155,FTO,
1692,155,Galant,
1693,155,Galant Fortis,
1694,155,Grandis,
1695,155,i,
1696,155,i-MiEV,
1697,155,L200,
1698,155,L300,
1699,155,L400,
1700,155,Lancer Cargo,
1701,155,Lancer Evolution,
1702,155,Legnum,
1703,155,Libero,
1704,155,Minica,
1705,155,Mirage,
1706,155,Montero,
1707,155,Montero Sport,
1708,155,Outlander,
1709,155,Pajero iO,
1710,155,Pajero Junior,
1711,155,Pajero Mini,
1712,155,Pajero Pinin,
1713,155,Pajero Sport,
1714,155,Proudia,
1715,155,RVR,
1716,155,Savrin,
1717,155,Space Gear,
1718,155,Space Runner,
1719,155,Space Star,
1720,155,Space Wagon,
1721,155,Toppo,
1722,155,Town BOX,
1723,155,Triton,
1724,155,XPANDER,
1725,156,Galue,
1726,156,MC-1,
1727,156,Rock Star,
1728,156,Ryugi,
1729,157,GTB Centenaire,
1730,158,4/4,
1731,158,Aero 8,
1732,158,Plus 4,
1733,158,Plus 8,
1734,159,2136,
1735,159,2137,
1736,159,2138,
1737,159,2140,
1738,159,2141,
1739,159,2142,
1740,159,401,
1741,159,402,
1742,159,403,
1743,159,407,
1744,159,408,
1745,159,410,
1746,159,411,
1747,159,423,
1748,159,424,
1749,159,427,
1750,159,430,
1751,159,434P,
1752,159,Duet,
1753,159,Ivan Kalita,
1754,159,Knyaz Vladimir,
1755,159,Svyatogor,
1756,159,Yuri Dolgoruky,
1757,160,100NX,
1758,160,180SX,
1759,160,200SX,
1760,160,240SX,
1761,160,280ZX,
1762,160,300ZX,
1763,160,350Z,
1764,160,370Z,
1765,160,AD,
1766,160,Almera,
1767,160,Almera Classic,
1768,160,Almera Tino,
1769,160,Altima,
1770,160,Aprio,
1771,160,Auster,
1772,160,Avenir,
1773,160,Bassara,
1774,160,Be-1,
1775,160,Bluebird,
1776,160,Bluebird Maxima,
1777,160,Bluebird Sylphy,
1778,160,Cedric,
1779,160,Cefiro,
1780,160,Cherry,
1781,160,Cima,
1782,160,Clipper,
1783,160,Clipper Rio,
1784,160,Crew,
1785,160,Cube,
1786,160,Datsun,
1787,160,Dualis,
1788,160,Elgrand,
1789,160,Exa,
1790,160,Expert,
1791,160,Fairlady Z,
1792,160,Figaro,
1793,160,Frontier,
1794,160,Fuga,
1795,160,Gazelle,
1796,160,Gloria,
1797,160,GT-R,
1798,160,Homy,
1799,160,Juke,
1800,160,Kicks,
1801,160,Kix,
1802,160,Kubistar,
1803,160,Lafesta,
1804,160,Langley,
1805,160,Largo,
1806,160,Latio,
1807,160,Leaf,
1808,160,Leopard,
1809,160,Liberta Villa,
1810,160,Livina,
1811,160,Lucino,
1812,160,March,
1813,160,Maxima,
1814,160,Micra,
1815,160,Mistral,
1816,160,Moco,
1817,160,Murano,
1818,160,Navara,
1819,160,Note,
1820,160,NP200,
1821,160,NP300,
1822,160,NV,
1823,160,NV100 Clipper,
1824,160,NV200,
1825,160,NV350,
1826,160,Otti,
1827,160,Paladin,
1828,160,Pao,
1829,160,Pathfinder,
1830,160,Patrol,
1831,160,Pino,
1832,160,Pixo,
1833,160,Platina,
1834,160,Prairie,
1835,160,Presage,
1836,160,Presea,
1837,160,President,
1838,160,Primastar,
1839,160,Primera,
1840,160,Pulsar,
1841,160,Qashqai,
1842,160,Qashqai+2,
1843,160,Quest,
1844,160,R'nessa,
1845,160,Rasheen,
1846,160,Rogue,
1847,160,Roox,
1848,160,Sentra,
1849,160,Serena,
1850,160,Silvia,
1851,160,Skyline,
1852,160,Skyline Crossover,
1853,160,Stagea,
1854,160,Sunny,
1855,160,Teana,
1856,160,Terra,
1857,160,Terrano,
1858,160,Terrano Regulus,
1859,160,Tiida,
1860,160,Tino,
1861,160,Titan,
1862,160,Vanette,
1863,160,Violet,
1864,160,Violet Liberta,
1865,160,Wingroad,
1866,160,X-Trail,
1867,160,Xterra,
1868,161,M12 GTO,
1869,161,M15,
1870,162,88,
1871,162,Achieva,
1872,162,Bravada,
1873,162,Cutlass,
1874,162,Eighty-Eight,
1875,162,Firenza,
1876,162,Intrigue,
1877,162,Series 60,
1878,162,Series 70,
1879,162,Starfire,
1880,162,Toronado,
1881,162,Vista Cruiser,
1882,163,Adam,
1883,163,Admiral,
1884,163,Agila,
1885,163,Ampera,
1886,163,Antara,
1887,163,Ascona,
1888,163,Calibra,
1889,163,Campo,
1890,163,Combo,
1891,163,Corsa OPC,
1892,163,Crossland X,
1893,163,Grandland X,
1894,163,Insignia,
1895,163,Kapitan,
1896,163,Karl,
1897,163,Manta,
1898,163,Mokka,
1899,163,Olympia,
1900,163,Senator,
1901,163,Signum,
1902,163,Sintra,
1903,163,Tigra,
1904,163,Vivaro,
1905,163,Zafira Life,
1906,164,200/250,
1907,164,Custom Eight,
1908,164,Six,
1909,165,Zonda,
1910,165,Zonda C12,
1911,166,Esperante,
1912,167,Saloon,
1913,168,Kelisa,
1914,168,Kenari,
1915,168,Nippa,
1916,169,1007,
1917,169,106,
1918,169,107,
1919,169,108,
1920,169,2008,
1921,169,202,
1922,169,203,
1923,169,204,
1924,169,205,
1925,169,205 GTi,
1926,169,206,
1927,169,207,
1928,169,208,
1929,169,208 GTi,
1930,169,3008,
1931,169,301,
1932,169,304,
1933,169,306,
1934,169,307,
1935,169,309,
1936,169,4007,
1937,169,4008,
1938,169,405,
1939,169,406,
1940,169,5008,
1941,169,505,
1942,169,605,
1943,169,607,
1944,169,806,
1945,169,807,
1946,169,RCZ,
1947,169,Rifter,
1948,169,Traveller,
1949,170,Acclaim,
1950,170,Breeze,
1951,170,Fury,
1952,170,Laser,
1953,170,Reliant,
1954,170,Satellite,
1955,170,Sundance,
1956,170,Volare,
1957,171,6000,
1958,171,Aztek,
1959,171,Bonneville,
1960,171,Firebird,
1961,171,Grand AM,
1962,171,Grand Prix,
1963,171,GTO,
1964,171,Laurentian,
1965,171,Solstice,
1966,171,Sunfire,
1967,171,Torpedo,
1968,171,Torrent,
1969,171,Vibe,
1970,171,Wave,
1971,172,356,
1972,172,718 Spyder,
1973,172,911,
1974,172,911 GT2,
1975,172,911 GT3,
1976,172,911 R,
1977,172,912,
1978,172,914,
1979,172,918,
1980,172,924,
1981,172,928,
1982,172,944,
1983,172,959,
1984,172,968,
1985,172,Boxster,
1986,172,Carrera GT,
1987,172,Cayenne,
1988,172,Cayenne Coupe,
1989,172,Cayman,
1990,172,Cayman GT4,
1991,172,Macan,
1992,172,Panamera,
1993,172,Taycan,
1994,173,118NE,
1995,173,Padmini,
1996,174,Arena,
1997,174,Exora,
1998,174,Gen-2,
1999,174,Inspira,
2000,174,Juara,
2001,174,Perdana,
2002,174,Persona,
2003,174,Persona 300 Compact,
2004,174,Persona 400,
2005,174,Preve,
2006,174,Putra,
2007,174,Saga,
2008,174,Satria,
2009,174,Savvy,
2010,174,Tiara,
2011,174,Waja,
2012,174,Wira (400 Series),
2013,175,G-modell,
2014,175,Pinzgauer,
2015,176,AM4,
2016,176,AMV,
2017,176,GTB,
2018,176,GTE,
2019,177,Dallara F399/300,
2020,177,"Show car ""Formula-1""",
2021,178,1500,
2022,179,Nexia R3,
2023,179,R2,
2024,179,R4,
2025,180,Scimitar Sabre,
2026,180,Scimitar SS1,
2027,181,11,
2028,181,12,
2029,181,14,
2030,181,15,
2031,181,16,
2032,181,17,
2033,181,19,
2034,181,20,
2035,181,25,
2036,181,30,
2037,181,8,
2038,181,9,
2039,181,Alaskan,
2040,181,Arkana,
2041,181,Avantime,
2042,181,Captur,
2043,181,Clio,
2044,181,Clio RS,
2045,181,Espace,
2046,181,Fluence,
2047,181,Fregate,
2048,181,Fuego,
2049,181,Grand Espace,
2050,181,Kadjar,
2051,181,Kangoo,
2052,181,Kaptur,
2053,181,Koleos,
2054,181,Kwid,
2055,181,Laguna,
2056,181,Latitude,
2057,181,Le Car,
2058,181,Megane,
2059,181,Megane RS,
2060,181,Modus,
2061,181,Pulse,
2062,181,Safrane,
2063,181,Scala,
2064,181,Scenic,
2065,181,Sport Spider,
2066,181,Symbol,
2067,181,Talisman,
2068,181,Thalia,
2069,181,Trafic,
2070,181,Twingo,
2071,181,Twizy,
2072,181,Vel Satis,
2073,181,Vivastella,
2074,181,Wind,
2075,181,Zoe,
2076,182,SM3,
2077,182,SM5,
2078,182,SM7,
2079,183,Beast,
2080,183,Tank,
2081,184,C Two,
2082,185,Chopster,
2083,186,20/25,
2084,186,Corniche,
2085,186,Cullinan,
2086,186,Dawn,
2087,186,Ghost,
2088,186,Park Ward,
2089,186,Phantom,
2090,186,Silver Seraph,
2091,186,Silver Spirit,
2092,186,Silver Spur,
2093,186,Silver Wraith,
2094,186,Wraith,
2095,187,Lightning,
2096,188,200 Series,
2097,188,400 Series,
2098,188,416i,
2099,188,45,
2100,188,600 Series,
2101,188,800 Series,
2102,188,Maestro,
2103,188,Mini,
2104,188,Mini MK,
2105,188,P3,
2106,188,P4,
2107,188,P6,
2108,188,SD1,
2109,188,Streetwise,
2110,189,9-2X,
2111,189,9-3,
2112,189,9-4X,
2113,189,9-5,
2114,189,9-7X,
2115,189,900,
2116,189,9000,
2117,189,93,
2118,189,95,
2119,189,96,
2120,189,99,
2121,189,Sonett,
2122,190,Saina,
2123,190,Tiba,
2124,191,PS-10,
2125,192,Aura,
2126,192,ION,
2127,192,L-Series,
2128,192,LW,
2129,192,Outlook,
2130,192,Relay,
2131,192,S-Series,
2132,192,Sky,
2133,192,SL,
2134,192,SW,
2135,192,VUE,
2136,193,FR-S,
2137,193,iA,
2138,193,iM,
2139,193,iQ,
2140,193,tC,
2141,193,xA,
2142,193,xB,
2143,193,xD,
2144,194,Model J,
2145,195,133,
2146,195,Alhambra,
2147,195,Altea,
2148,195,Arona,
2149,195,Arosa,
2150,195,Ateca,
2151,195,Exeo,
2152,195,Fura,
2153,195,Ibiza,
2154,195,Ibiza Cupra,
2155,195,Inca,
2156,195,Leon,
2157,195,Leon Cupra,
2158,195,Malaga,
2159,195,Marbella,
2160,195,Mii,
2161,195,Ronda,
2162,195,Tarraco,
2163,195,Toledo,
2164,196,C31,
2165,196,C32,
2166,196,C51,
2167,196,C52,
2168,196,C61,
2169,196,C81,
2170,197,E-Car,
2171,198,Noble,
2172,198,Sceo,
2173,199,1300/1500,
2174,199,1307,
2175,200,100 Series,
2176,200,"105, 120",
2177,200,105/120/130,
2178,200,1200,
2179,200,Citigo,
2180,200,Fabia,
2181,200,Fabia RS,
2182,200,Favorit,
2183,200,Felicia,
2184,200,Forman,
2185,200,Kamiq,
2186,200,Karoq,
2187,200,Kodiaq,
2188,200,Kodiaq RS,
2189,200,Octavia,
2190,200,Octavia RS,
2191,200,Popular,
2192,200,Rapid,
2193,200,Roomster,
2194,200,Superb,
2195,200,Yeti,
2196,201,Maple Hysoul,
2197,201,Maple Marindo,
2198,202,Forfour,
2199,202,Fortwo,
2200,203,S-ZA,
2201,203,S-ZD,
2202,204,Lioncel,
2203,205,R42,
2204,205,R45,
2205,206,Actyon,
2206,206,Actyon Sports,
2207,206,Istana,
2208,206,Kallista,
2209,206,Korando Family,
2210,206,Korando Sports,
2211,206,Korando Turismo,
2212,206,Kyron,
2213,206,Nomad,
2214,206,Rexton,
2215,206,Rodius,
2216,206,Stavic,
2217,206,Tivoli,
2218,206,XLV,
2219,207,Golden Hawk,
2220,208,Alcyone,
2221,208,Ascent,
2222,208,Baja,
2223,208,Bistro,
2224,208,BRAT,
2225,208,BRZ,
2226,208,Dex,
2227,208,Dias Wagon,
2228,208,Domingo,
2229,208,Exiga,
2230,208,Exiga Crossover 7,
2231,208,Impreza,
2232,208,Impreza WRX,
2233,208,Impreza WRX STi,
2234,208,Justy,
2235,208,Legacy,
2236,208,Legacy Lancaster,
2237,208,Leone,
2238,208,Levorg,
2239,208,Lucra,
2240,208,Outback,
2241,208,Pleo,
2242,208,R1,
2243,208,Sambar,
2244,208,Stella,
2245,208,SVX,
2246,208,Traviq,
2247,208,Tribeca,
2248,208,Vivio,
2249,208,WRX,
2250,208,WRX STi,
2251,208,XT,
2252,208,XV,
2253,209,Aerio,
2254,209,Alto Lapin,
2255,209,APV,
2256,209,Cappuccino,
2257,209,Cara,
2258,209,Carry,
2259,209,Celerio,
2260,209,Cervo,
2261,209,Ciaz,
2262,209,Cultus,
2263,209,Equator,
2264,209,Ertiga,
2265,209,Escudo,
2266,209,Every,
2267,209,Forenza,
2268,209,Fronte,
2269,209,Hustler,
2270,209,Ignis,
2271,209,Kei,
2272,209,Kizashi,
2273,209,Landy,
2274,209,Liana,
2275,209,MR Wagon,
2276,209,Palette,
2277,209,Reno,
2278,209,Samurai,
2279,209,Sidekick,
2280,209,Solio,
2281,209,Spacia,
2282,209,Splash,
2283,209,Swift,
2284,209,SX4,
2285,209,Twin,
2286,209,Verona,
2287,209,Wagon R+,
2288,209,X-90,
2289,209,Xbee,
2290,209,XL7,
2291,210,Aquila,
2292,210,C-30,
2293,210,C10,
2294,210,C190,
2295,210,C30,
2296,210,Corda,
2297,210,Estina,
2298,210,Road Partner,
2299,210,Tager,
2300,210,Tingo,
2301,211,Solara,
2302,212,Estate,
2303,212,Indica,
2304,212,Indigo,
2305,212,Mint,
2306,212,Nano,
2307,212,Sumo,
2308,212,Sumo Grande,
2309,212,Telcoline,
2310,212,Xenon,
2311,213,77,
2312,213,87,
2313,213,T603,
2314,213,T613,
2315,213,T700,
2316,214,Model 3,
2317,214,Model S,
2318,215,Dragon,
2319,216,131,
2320,216,Dogan,
2321,216,Kartal,
2322,216,Murat 124,
2323,216,Murat 131,
2324,216,Sahin,
2325,216,Serce,
2326,216,UNO,
2327,217,2000GT,
2328,217,4Runner,
2329,217,Allex,
2330,217,Allion,
2331,217,Alphard,
2332,217,Altezza,
2333,217,Aqua,
2334,217,Aristo,
2335,217,Aurion,
2336,217,Auris,
2337,217,Avalon,
2338,217,Avanza,
2339,217,Avensis,
2340,217,Avensis T27,
2341,217,Avensis Verso,
2342,217,Aygo,
2343,217,bB,
2344,217,Belta,
2345,217,Blade,
2346,217,Blizzard,
2347,217,Brevis,
2348,217,C-HR,
2349,217,Caldina,
2350,217,Cami,
2351,217,Camry,
2352,217,Camry Solara,
2353,217,Carina,
2354,217,Carina E,
2355,217,Carina ED,
2356,217,Celica,
2357,217,Celsior,
2358,217,Chaser,
2359,217,Classic,
2360,217,Comfort,
2361,217,Corolla,
2362,217,Corolla Ceres,
2363,217,Corolla Cross,
2364,217,Corolla II,
2365,217,Corolla Levin,
2366,217,Corolla Rumion,
2367,217,Corolla Spacio,
2368,217,Corolla Verso,
2369,217,Corona,
2370,217,Corona EXiV,
2371,217,Cressida,
2372,217,Cresta,
2373,217,Crown,
2374,217,Crown Majesta,
2375,217,Curren,
2376,217,Cynos,
2377,217,Echo,
2378,217,Esquire,
2379,217,Estima,
2380,217,Etios,
2381,217,FJ Cruiser,
2382,217,Fortuner,
2383,217,Fun Cargo,
2384,217,FunCargo,
2385,217,Gaia,
2386,217,Grand HiAce,
2387,217,Granvia,
2388,217,GT 86,
2389,217,GT86,
2390,217,Harrier,
2391,217,Hiace,
2392,217,Highlander,
2393,217,Hilux,
2394,217,Hilux Surf,
2395,217,Innova,
2396,217,Ipsum,
2397,217,Isis,
2398,217,Ist,
2399,217,Kluger,
2400,217,Land Cruiser,
2401,217,Land Cruiser Prado,
2402,217,Lite Ace,
2403,217,Mark II,
2404,217,Mark X,
2405,217,Mark X Zio,
2406,217,MasterAce Surf,
2407,217,Mega Cruiser,
2408,217,Model F,
2409,217,MR-S,
2410,217,MR2,
2411,217,Nadia,
2412,217,Noah,
2413,217,Opa,
2414,217,Origin,
2415,217,Paseo,
2416,217,Passo,
2417,217,Passo Sette,
2418,217,Picnic,
2419,217,Pixis Joy,
2420,217,Pixis Space,
2421,217,Pixis Van,
2422,217,Platz,
2423,217,Porte,
2424,217,Premio,
2425,217,Previa,
2426,217,Prius,
2427,217,Prius a,
2428,217,Prius Alpha,
2429,217,Prius C,
2430,217,Prius Plus,
2431,217,Prius V,
2432,217,ProAce,
2433,217,Probox,
2434,217,Progres,
2435,217,Pronard,
2436,217,Publica,
2437,217,Ractis,
2438,217,Raize,
2439,217,Raum,
2440,217,RAV4,
2441,217,Roomy,
2442,217,Rukus,
2443,217,Rush,
2444,217,Sai,
2445,217,Scepter,
2446,217,Sequoia,
2447,217,Sera,
2448,217,Sienna,
2449,217,Sienta,
2450,217,Soarer,
2451,217,Spade,
2452,217,Sparky,
2453,217,Sports 800,
2454,217,Sprinter,
2455,217,Sprinter Carib,
2456,217,Sprinter Marino,
2457,217,Sprinter Trueno,
2458,217,Starlet,
2459,217,Succeed,
2460,217,Supra,
2461,217,Tacoma,
2462,217,Tercel,
2463,217,Touring HiAce,
2464,217,Town Ace,
2465,217,Tundra,
2466,217,Urban Cruiser,
2467,217,Vanguard,
2468,217,Vellfire,
2469,217,Venza,
2470,217,Verossa,
2471,217,Verso,
2472,217,Verso-S,
2473,217,Vios,
2474,217,Vitz,
2475,217,Voltz,
2476,217,Voxy,
2477,217,WiLL,
2478,217,Will Cypha,
2479,217,Will Vi,
2480,217,Will VS,
2481,217,Windom,
2482,217,Wish,
2483,217,Yaris,
2484,217,Yaris Verso,
2485,217,Zelas,
2486,218,1.1,
2487,218,P 601,
2488,219,Spitfire,
2489,219,Stag,
2490,219,TR4,
2491,219,TR6,
2492,219,TR7,
2493,219,TR8,
2494,220,280,
2495,220,350,
2496,220,390,
2497,220,420,
2498,220,450,
2499,220,Cerbera,
2500,220,Chimaera,
2501,220,Griffith,
2502,220,Sagaris,
2503,220,Taimar,
2504,220,Tamora,
2505,220,Tasmin,
2506,220,Tuscan,
2507,221,"3128 ""Astero""",
2508,221,3151,
2509,221,3153,
2510,221,3159,
2511,221,"3159 ""Bars""",
2512,221,3160,
2513,221,"3162 ""Simbir""",
2514,221,3909,
2515,221,452,
2516,221,469,
2517,221,Hunter,
2518,221,Pickup,
2519,222,GTR,
2520,223,Carlton,
2521,223,Movano,
2522,223,Velox,
2523,223,Ventora,
2524,223,Viceroy,
2525,223,Victor,
2526,223,VX220,
2527,223,VXR8,
2528,224,1111 Oka,
2529,224,2101,
2530,224,2102,
2531,224,2103,
2532,224,2104,
2533,224,2105,
2534,224,2106,
2535,224,2107,
2536,224,2108,
2537,224,2109,
2538,224,21093,
2539,224,21099,
2540,224,2110,
2541,224,2111,
2542,224,2112,
2543,224,2113,
2544,224,2114,
2545,224,2115,
2546,224,2120 Nadezhda,
2547,224,2121 (4x4),
2548,224,2123,
2549,224,2131 (4x4),
2550,224,4x4,
2551,224,Granta,
2552,224,Granta Drive Active,
2553,224,Kalina,
2554,224,Largus,
2555,224,Priora,
2556,224,Vesta,
2557,224,XRAY,
2558,225,M12,
2559,225,W8,
2560,225,W8 Twin Turbo,
2561,226,210,
2562,226,260 LM,
2563,226,300,
2564,226,300 Atlantique,
2565,226,400 GT,
2566,227,181,
2567,227,Amarok,
2568,227,Arteon,
2569,227,Atlas Cross Sport,
2570,227,Beetle,
2571,227,Bora,
2572,227,Brasilia,
2573,227,Caddy,
2574,227,Caravelle,
2575,227,Citi Golf,
2576,227,Clasico,
2577,227,Corrado,
2578,227,Derby,
2579,227,Eos,
2580,227,EuroVan,
2581,227,Fox,
2582,227,Gol,
2583,227,Golf,
2584,227,Golf GTI,
2585,227,Golf R,
2586,227,Golf Sportsvan,
2587,227,Iltis,
2588,227,Jetta,
2589,227,K70,
2590,227,Karmann Ghia,
2591,227,Karmann-Ghia,
2592,227,Lavida,
2593,227,Lupo,
2594,227,Magotan,
2595,227,Multivan,
2596,227,Parati,
2597,227,Passat,
2598,227,Passat (North America),
2599,227,Passat CC,
2600,227,Passat Variant,
2601,227,Phaeton,
2602,227,Pointer,
2603,227,Polo,
2604,227,Polo Vivo Dune,
2605,227,Quantum,
2606,227,Rabbit,
2607,227,Routan,
2608,227,Sagitar,
2609,227,Saveiro,
2610,227,Scirocco,
2611,227,Sharan,
2612,227,SP2,
2613,227,Suran,
2614,227,T-Cross,
2615,227,T-Roc,
2616,227,T-Roc R,
2617,227,Taro,
2618,227,Teramont,
2619,227,Tiguan,
2620,227,Touareg,
2621,227,Touran,
2622,227,Transporter,
2623,227,Type 4,
2624,227,Up,
2625,227,up!,
2626,227,Variant VII,
2627,227,Vento,
2628,227,Voyage,
2629,227,XL1,
2630,228,120 Series,
2631,228,140 Series,
2632,228,240,
2633,228,240 Series,
2634,228,260 Series,
2635,228,300 Series,
2636,228,440,
2637,228,460,
2638,228,480,
2639,228,740,
2640,228,760,
2641,228,850,
2642,228,940,
2643,228,960,
2644,228,C70,
2645,228,P1800,
2646,228,P1900,
2647,228,S40,
2648,228,S60,
2649,228,S70,
2650,228,S90,
2651,228,V40,
2652,228,V50,
2653,228,V60,
2654,228,V60 Cross Country,
2655,228,V70,
2656,228,V90,
2657,228,V90 Cross Country,
2658,228,XC40,
2659,228,XC60,
2660,228,XC70,
2661,228,XC90,
2662,229,W23,
2663,229,W50,
2664,230,353,
2665,231,MF3,
2666,232,Jeepster,
2667,232,Knight Model 20,
2668,233,Sunshine,
2669,233,Xingwang,
2670,234,PICKUP X3,
2671,234,SR-V X3,
2672,234,SUV X3,
2673,235,Feeling,
2674,236,Florida,
2675,236,Skala,
2676,236,Yugo,
2677,236,Yugo Florida,
2678,236,Yugo Koral,
2679,236,Yugo Skala,
2680,237,1102,
2681,237,"1102 ""Tavria""",
2682,237,1103,
2683,237,"1103 ""Slavuta""",
2684,237,1105,
2685,237,"1105 ""Dana""",
2686,237,965,
2687,237,966,
2688,237,Chance,
2689,237,Forza,
2690,237,Vida,
2691,237,ZAZ Tavria Nova (1102),
2692,238,MK2,
2693,239,111,
2694,239,114,
2695,239,4104,
2696,240,101,
2697,240,110,
2698,241,Coupa,
2699,241,Nomad (RX6400),
2700,241,SR9,
2701,241,T600,
2702,241,Z100,
2703,241,Z300,
2704,242,Grand Tiger,
2705,242,GrandTiger,
2706,242,Landmark,
